{"stat.leaveGame":6,"stat.drop.spartanweaponry.throwing_knife_stone":1,"stat.useItem.lycanitesmobs.cooked_maka_meat":2,"stat.craftItem.spartanweaponry.throwing_knife_stone":3,"stat.craftItem.minecraft.string":8,"stat.useItem.minecraft.planks":43,"stat.pickup.minecraft.porkchop":25,"stat.useItem.minecraft.water_bucket":4,"stat.pickup.minecraft.sand":9,"stat.craftItem.minecraft.stone_axe":2,"stat.pickup.notreepunching.pickaxe/flint":2,"stat.pickup.minecraft.bucket":2,"stat.craftItem.minecraft.stone_sword":2,"stat.pickup.gravestone.gsgravestone":6,"stat.mineBlock.minecraft.sand":9,"stat.useItem.notreepunching.pickaxe/flint":29,"stat.craftItem.minecraft.cooked_fish":4,"stat.pickup.quark.tallow":41,"stat.craftItem.wearablebackpacks.backpack":1,"stat.useItem.notreepunching.knife/flint":31,"stat.pickup.rustic.wildberries":2,"stat.drop.gravestone.gsgravestone":2,"stat.furnaceInteraction":78,"stat.craftItem.spartanweaponry.material":3,"stat.pickup.minecraft.furnace":1,"stat.pickup.minecraft.iron_chestplate":1,"stat.pickup.realistictorches.torch_lit":11,"stat.mineBlock.minecraft.fence":2,"stat.pickup.dynamictrees.oakseed":3,"stat.mineBlock.minecraft.oak_stairs":3,"stat.pickup.minecraft.lever":1,"stat.pickup.lycanitesmobs.raw_chupacabra_meat":6,"stat.deaths":6,"stat.playOneMinute":121104,"stat.drop.wearablebackpacks.backpack":2,"stat.pickup.minecraft.item_frame":3,"stat.mineBlock.minecraft.tallgrass":41,"stat.craftItem.minecraft.cooked_mutton":1,"stat.chestOpened":50,"stat.useItem.minecraft.stone":11,"maka.kill":5,"stat.pickup.minecraft.cooked_chicken":11,"stat.fallOneCm":21786,"stat.drop.minecraft.stone_sword":4,"stat.crouchOneCm":18612,"stat.craftItem.minecraft.iron_ingot":66,"stat.craftItem.minecraft.chest":1,"stat.craftingTableInteraction":36,"stat.pickup.minecraft.feather":1,"stat.pickup.minecraft.planks":108,"chupacabra.kill":2,"stat.pickup.minecraft.iron_leggings":1,"stat.pickup.minecraft.wheat_seeds":6,"stat.mineBlock.minecraft.gravel":79,"stat.useItem.minecraft.stone_pickaxe":210,"stat.craftItem.notreepunching.pickaxe/flint":1,"stat.useItem.minecraft.stone_sword":55,"stat.craftItem.minecraft.iron_leggings":1,"stat.mineBlock.minecraft.dirt":10,"stat.drop.minecraft.stick":1,"stat.pickup.minecraft.flint_and_steel":1,"stat.useItem.minecraft.bread":1,"feradon.kill":1,"stat.useItem.minecraft.log":36,"stat.pickup.minecraft.crafting_table":4,"stat.useItem.minecraft.cobblestone":1,"stat.craftItem.minecraft.crafting_table":5,"stat.useItem.minecraft.gravel":28,"stat.mineBlock.quark.stone_speleothem":1,"stat.craftItem.firstaid.bandage":8,"stat.pickup.minecraft.log":54,"stat.drop.minecraft.sign":3,"stat.craftItem.minecraft.gold_ingot":1,"stat.pickup.wearablebackpacks.backpack":6,"stat.pickup.notreepunching.flint_shard":8,"stat.drop.dynamictrees.oakseed":2,"stat.craftItem.minecraft.bucket":2,"stat.pickup.quark.root":1,"stat.pickup.minecraft.stone_sword":7,"stat.mineBlock.minecraft.log":7,"stat.sneakTime":6327,"stat.pickup.minecraft.wool":2,"ent.kill":1,"stat.drop.minecraft.bucket":3,"stat.drop.firstaid.bandage":2,"stat.pickup.minecraft.cooked_fish":1,"stat.pickup.minecraft.stone_slab":9,"stat.craftItem.notreepunching.knife/flint":3,"stat.craftItem.minecraft.cobblestone":57,"stat.useItem.notreepunching.rock/andesite":1,"stat.drop.minecraft.stone_pickaxe":2,"stat.pickup.minecraft.bone":5,"stat.drop.minecraft.stone_shovel":1,"stat.pickup.minecraft.stone_pickaxe":5,"stat.pickup.minecraft.flint":6,"stat.mineBlock.minecraft.yellow_flower":2,"stat.craftItem.notreepunching.grass_string":6,"stat.swimOneCm":9867,"stat.craftItem.fishingmadebetter.fillet_knife_wood":1,"stat.climbOneCm":382,"stat.pickup.minecraft.cooked_porkchop":11,"stat.useItem.minecraft.stone_slab2":39,"stat.pickup.minecraft.iron_boots":1,"stat.craftItem.minecraft.furnace":1,"stat.useItem.spartanweaponry.throwing_knife_stone":106,"stat.craftItem.minecraft.iron_boots":1,"stat.useItem.minecraft.iron_ore":2,"stat.craftItem.minecraft.stone_pickaxe":6,"stat.craftItem.minecraft.cooked_beef":3,"stat.pickup.minecraft.cobblestone":33,"stat.useItem.minecraft.stone_shovel":30,"stat.flyOneCm":132334,"stat.craftItem.minecraft.glass_bottle":3,"stat.drop.fishingmadebetter.fillet_knife_wood":1,"stat.pickup.minecraft.fish":2,"stat.mineBlock.minecraft.iron_ore":66,"yale.kill":1,"stat.timeSinceDeath":21851,"stat.pickup.minecraft.mutton":1,"stat.craftItem.lycanitesmobs.cooked_maka_meat":5,"stat.drop.minecraft.flint_and_steel":1,"stat.useItem.minecraft.cooked_porkchop":3,"stat.mineBlock.minecraft.coal_ore":80,"stat.killEntity.Creeper":1,"stat.talkedToVillager":1,"stat.craftItem.minecraft.stone_slab2":0,"stat.sprintOneCm":314220,"stat.mineBlock.minecraft.stone_slab":2,"stat.mineBlock.minecraft.crafting_table":3,"stat.mineBlock.minecraft.planks":6,"stat.drop":35,"stat.pickup.minecraft.slime_ball":3,"stat.craftItem.forge.bucketfilled":3,"stat.diveOneCm":3059,"stat.drop.lycanitesmobs.raw_chupacabra_meat":1,"stat.pickup.rustic.wildberry_bush":1,"stat.pickup.minecraft.sign":4,"stat.pickup.minecraft.gravel":90,"stat.craftItem.minecraft.cooked_porkchop":16,"stat.useItem.minecraft.glass_bottle":3,"stat.pickup.minecraft.stone_axe":5,"stat.pickup.fishingmadebetter.fillet_knife_wood":2,"stat.useItem.minecraft.apple":1,"stat.useItem.minecraft.potion":3,"stat.drop.minecraft.cooked_porkchop":3,"stat.jump":902,"stat.pickup.minecraft.coal":231,"stat.pickup.minecraft.iron_helmet":1,"stat.pickup.minecraft.iron_ingot":29,"stat.useItem.minecraft.stone_axe":42,"stat.pickup.minecraft.gunpowder":6,"stat.pickup.minecraft.dirt":29,"stat.craftItem.minecraft.iron_helmet":1,"stat.useItem.minecraft.cooked_chicken":10,"stat.pickup.minecraft.iron_ore":135,"stat.pickup.minecraft.stone_shovel":2,"stat.pickup.lycanitesmobs.poisongland":2,"reaper.kill":1,"stat.pickup.minecraft.gold_ore":2,"stat.craftItem.minecraft.flint_and_steel":1,"stat.damageTaken":3879,"stat.pickup.minecraft.leather":19,"stat.pickup.notreepunching.knife/flint":1,"stat.pickup.notreepunching.rock/stone":518,"stat.pickup.lycanitesmobs.raw_maka_meat":10,"stat.mineBlock.minecraft.furnace":1,"stat.mineBlock.minecraft.torch":1,"stat.pickup.minecraft.bed":1,"stat.drop.notreepunching.knife/flint":1,"stat.useItem.forge.bucketfilled":12,"stat.pickup.minecraft.oak_stairs":2,"stat.entityKilledBy.Zombie":1,"stat.damageDealt":2343,"stat.craftItem.minecraft.glass":9,"stat.sleepInBed":8,"stat.killEntity.Cow":1,"stat.killEntity.Pig":14,"stat.craftItem.minecraft.stone_shovel":1,"geonach.kill":4,"stat.walkOneCm":397836,"stat.useItem.lycanitesmobs.poisongland":1,"stat.pickup.minecraft.stick":63,"stat.pickup.lycanitesmobs.quillcharge":2,"stat.pickup.lycanitesmobs.cooked_maka_meat":1,"stat.pickup.notreepunching.grass_fiber":24,"stat.pickup.minecraft.stone":49,"stat.craftItem.minecraft.iron_chestplate":1,"stat.useItem.rustic.grapes":2,"quillbeast.kill":1,"stat.pickup.rustic.grapes":2,"stat.drop.minecraft.crafting_table":1,"stat.drop.notreepunching.pickaxe/flint":2,"stat.pickup.minecraft.bread":15,"stat.mobKills":32,"stat.pickup.minecraft.quartz":22,"stat.pickup.notreepunching.grass_string":2,"stat.pickup.minecraft.water_bucket":2,"stat.pickup.minecraft.torch":1,"stat.drop.minecraft.stone_axe":2,"stat.mineBlock.minecraft.stone":62}