{"stat.leaveGame":3,"stat.drop.spartanweaponry.throwing_knife_stone":1,"stat.pickup.minecraft.stone_pickaxe":3,"stat.useItem.lycanitesmobs.cooked_maka_meat":1,"stat.pickup.minecraft.flint":3,"stat.mineBlock.traverse.blue_rock":1,"stat.pickup.minecraft.flower_pot":1,"stat.swimOneCm":13737,"stat.climbOneCm":375,"stat.useItem.minecraft.planks":4,"stat.pickup.minecraft.glowstone_dust":1,"stat.pickup.minecraft.cooked_porkchop":3,"stat.pickup.firstaid.bandage":2,"stat.pickup.minecraft.porkchop":3,"stat.mineBlock.quark.roots":7,"stat.useItem.minecraft.dirt":21,"stat.useItem.minecraft.stone_slab2":21,"stat.useItem.minecraft.water_bucket":1,"stat.useItem.spartanweaponry.throwing_knife_stone":32,"stat.pickup.minecraft.bucket":2,"stat.craftItem.minecraft.stone_pickaxe":2,"stat.pickup.minecraft.cobblestone":26,"stat.craftItem.minecraft.stone_sword":1,"stat.pickup.gravestone.gsgravestone":15,"stat.flyOneCm":159359,"stat.mineBlock.quark.custom_chest":2,"stat.pickup.quark.tallow":3,"stat.mineBlock.minecraft.iron_ore":19,"stat.timeSinceDeath":18180,"stat.useItem.quark.root":2,"stat.craftItem.lycanitesmobs.cooked_maka_meat":2,"stat.useItem.notreepunching.knife/flint":42,"stat.drop.gravestone.gsgravestone":8,"stat.furnaceInteraction":24,"stat.useItem.minecraft.cooked_porkchop":2,"stat.pickup.minecraft.trapdoor":3,"stat.mineBlock.minecraft.coal_ore":119,"stat.craftItem.minecraft.stone_hoe":1,"stat.talkedToVillager":1,"stat.pickup.realistictorches.torch_unlit":1,"stat.craftItem.realistictorches.torch_lit":16,"stat.useItem.realistictorches.torch_unlit":1,"stat.pickup.minecraft.beef":4,"grue.kill":1,"stat.useItem.realistictorches.torch_lit":5,"stat.craftItem.minecraft.stone_slab2":0,"stat.pickup.lycanitesmobs.spectralboltcharge":3,"stat.mineBlock.realistictorches.torch_unlit":1,"stat.sprintOneCm":150115,"stat.pickup.traverse.blue_rock_cobblestone":1,"stat.mineBlock.rustic.wildberry_bush":2,"stat.pickup.realistictorches.torch_lit":11,"stat.mineBlock.minecraft.crafting_table":2,"stat.mineBlock.minecraft.oak_stairs":2,"stat.deaths":3,"stat.mineBlock.minecraft.planks":2,"stat.drop":45,"stat.playOneMinute":115321,"stat.drop.minecraft.bread":9,"stat.mineBlock.minecraft.tallgrass":83,"stat.craftItem.forge.bucketfilled":5,"stat.diveOneCm":4931,"stat.chestOpened":30,"stat.pickup.minecraft.sign":2,"stat.pickup.minecraft.gravel":11,"maka.kill":3,"stat.pickup.minecraft.stone_axe":2,"stat.useItem.minecraft.porkchop":1,"stat.useItem.notreepunching.rock/stone":2,"stat.jump":1171,"stat.pickup.minecraft.fence":2,"stat.pickup.minecraft.coal":210,"stat.fallOneCm":33570,"stat.useItem.minecraft.stone_axe":18,"stat.pickup.minecraft.gunpowder":3,"stat.crouchOneCm":881,"stat.craftItem.minecraft.iron_ingot":9,"stat.pickup.minecraft.dirt":64,"stat.mineBlock.minecraft.lever":1,"stat.drop.lycanitesmobs.cooked_maka_meat":1,"stat.craftingTableInteraction":19,"stat.pickup.minecraft.iron_ore":17,"roc.kill":1,"stat.pickup.quark.custom_chest":2,"stat.pickup.minecraft.leather":6,"stat.pickup.notreepunching.knife/flint":1,"stat.damageTaken":2442,"stat.pickup.notreepunching.rock/stone":628,"stat.pickup.lycanitesmobs.raw_maka_meat":2,"stat.mineBlock.minecraft.red_flower":1,"gnekk.kill":1,"stat.pickup.minecraft.dye":1,"stat.pickup.minecraft.planks":56,"stat.pickup.minecraft.bed":1,"stat.pickup.minecraft.wheat_seeds":5,"stat.useItem.forge.bucketfilled":7,"stat.pickup.minecraft.oak_stairs":2,"stat.mineBlock.minecraft.gravel":13,"stat.useItem.minecraft.stone_pickaxe":297,"stat.useItem.foodexpansion.itemcookedbacon":1,"stat.useItem.minecraft.stone_sword":38,"stat.damageDealt":1073,"stat.sleepInBed":7,"stat.killEntity.Cow":3,"stat.mineBlock.minecraft.dirt":60,"stat.killEntity.Pig":3,"stat.drop.minecraft.stick":5,"stat.pickup.minecraft.piston":1,"stat.pickup.minecraft.flint_and_steel":2,"stat.walkOneCm":445326,"stat.useItem.minecraft.bread":11,"stat.useItem.quark.custom_chest":1,"stat.pickup.dynamictrees.birchseed":1,"stat.pickup.minecraft.stick":25,"stat.craftItem.quark.custom_chest":2,"stat.useItem.minecraft.log":16,"stat.pickup.minecraft.crafting_table":2,"stat.useItem.minecraft.cobblestone":7,"stat.pickup.minecraft.log":20,"stat.pickup.notreepunching.grass_fiber":20,"stat.craftItem.realistictorches.torch_unlit":16,"stat.drop.minecraft.planks":4,"stat.pickup.minecraft.stone":9,"quillbeast.kill":1,"stat.pickup.notreepunching.flint_shard":1,"stat.pickup.quark.root":3,"stat.pickup.minecraft.bread":6,"stat.pickup.minecraft.stone_sword":1,"stat.mobKills":13,"stat.drop.notreepunching.rock/stone":15,"stat.mineBlock.minecraft.log":3,"stat.pickup.minecraft.water_bucket":1,"stat.pickup.minecraft.torch":1,"stat.sneakTime":1335,"stat.drop.minecraft.bucket":1,"stat.drop.minecraft.yellow_flower":1,"stat.pickup.minecraft.yellow_flower":1,"stat.mineBlock.minecraft.stone":149,"stat.craftItem.minecraft.cobblestone":8}